<?xml version="1.0" encoding="UTF-8"?>
<beans xmlns="http://www.springframework.org/schema/beans"
       xmlns:xsi="http://www.w3.org/2001/XMLSchema-instance"
       xmlns:context="http://www.springframework.org/schema/context"
       xsi:schemaLocation="http://www.springframework.org/schema/beans http://www.springframework.org/schema/beans/spring-beans.xsd
            http://www.springframework.org/schema/context http://www.springframework.org/schema/context/spring-context-4.0.xsd">

    <context:component-scan base-package="io.github.zutherb.appstash.shop.service.user" />

    <import resource="classpath:io/github/zutherb/appstash/shop/repository/user/spring-context.xml"/>

    <bean id="userPasswordEncoder" class="org.springframework.security.authentication.encoding.ShaPasswordEncoder">
        <constructor-arg value="512"/>
    </bean>

    <bean id="dozerMapper" class="org.dozer.DozerBeanMapper">
        <property name="mappingFiles">
            <list>
                <value>io/github/zutherb/appstash/shop/service/user/dozer-mapping.xml</value>
            </list>
        </property>
    </bean>
</beans>