<?xml version="1.0" encoding="UTF-8"?>
<beans xmlns="http://www.springframework.org/schema/beans"
       xmlns:xsi="http://www.w3.org/2001/XMLSchema-instance"
       xmlns:context="http://www.springframework.org/schema/context"
       xsi:schemaLocation="http://www.springframework.org/schema/beans http://www.springframework.org/schema/beans/spring-beans.xsd
            http://www.springframework.org/schema/context http://www.springframework.org/schema/context/spring-context-3.1.xsd">

    <context:component-scan base-package="io.github.zutherb.appstash.shop.service.order" />

    <import resource="classpath:io/github/zutherb/appstash/shop/repository/order/spring-context.xml"/>
    <import resource="classpath:io/github/zutherb/appstash/shop/service/cart/spring-context.xml"/>
    <import resource="classpath:io/github/zutherb/appstash/shop/service/product/spring-context.xml"/>
    <import resource="classpath:io/github/zutherb/appstash/shop/service/user/spring-context.xml"/>


    <bean id="dozerMapper" class="org.dozer.DozerBeanMapper">
        <property name="mappingFiles">
            <list>
                <value>io.github.zutherb.appstash/shop/service/order/dozer-mapping.xml</value>
            </list>
        </property>
    </bean>
</beans>