{
  "title": "Home",
  "services": {
    "query": {
      "list": {
        "0": {
          "query": "message: \"was submited\" AND type:\"catalina-log\"",
          "alias": "Orders",
          "color": "#7EB26D",
          "id": 0,
          "pin": true,
          "type": "lucene",
          "enable": true
        },
        "1": {
          "id": 1,
          "color": "#0A50A1",
          "alias": "Monolithic",
          "pin": true,
          "type": "lucene",
          "enable": true,
          "query": "host: \"app-server-node-2\""
        },
        "2": {
          "id": 2,
          "color": "#BADFF4",
          "alias": "Microservices",
          "pin": true,
          "type": "lucene",
          "enable": true,
          "query": "host: \"app-server-node-4\" OR host: \"app-server-node-5\""
        },
        "3": {
          "id": 3,
          "color": "#7EB26D",
          "alias": "http200",
          "pin": true,
          "type": "lucene",
          "enable": true,
          "query": "field:server_response=\"200\""
        },
        "4": {
          "id": 4,
          "color": "#EF843C",
          "alias": "http302",
          "pin": true,
          "type": "lucene",
          "enable": true,
          "query": "field:server_response=\"302\""
        },
        "5": {
          "id": 5,
          "color": "#BF1B00",
          "alias": "http404",
          "pin": true,
          "type": "lucene",
          "enable": true,
          "query": "field:server_response=\"404\""
        },
        "6": {
          "id": 6,
          "color": "#F2C96D",
          "alias": "http304",
          "pin": true,
          "type": "lucene",
          "enable": true,
          "query": "field:server_response=\"304\""
        },
        "7": {
          "id": 7,
          "color": "#E24D42",
          "alias": "http500",
          "pin": true,
          "type": "lucene",
          "enable": true,
          "query": "field:server_response=\"500\""
        },
        "8": {
          "id": 8,
          "color": "#E0752D",
          "alias": "Test_A",
          "pin": true,
          "type": "lucene",
          "enable": true,
          "query": "field:path=\"*_access.log.1\""
        },
        "9": {
          "id": 9,
          "color": "#CCA300",
          "alias": "Test_B",
          "pin": true,
          "type": "lucene",
          "enable": true,
          "query": "field:path=\"*_access.log.2\""
        },
        "10": {
          "id": 10,
          "color": "#0A437C",
          "alias": "PRO Micro 1",
          "pin": true,
          "type": "lucene",
          "enable": true,
          "query": "host: \"app-server-node-4\""
        },
        "11": {
          "id": 11,
          "color": "#1F78C1",
          "alias": "PRO Micro 2",
          "pin": true,
          "type": "lucene",
          "enable": true,
          "query": "host: \"app-server-node-5\""
        },
        "12": {
          "id": 12,
          "color": "#890F02",
          "alias": "",
          "pin": false,
          "type": "lucene",
          "enable": true,
          "query": "*"
        },
        "13": {
          "id": 13,
          "color": "#890F02",
          "alias": "PRO Mono 1",
          "pin": true,
          "type": "lucene",
          "enable": true,
          "query": "host: \"app-server-node-2\""
        }
      },
      "ids": [
        0,
        1,
        2,
        3,
        4,
        5,
        6,
        7,
        8,
        9,
        13,
        10,
        11,
        12
      ]
    },
    "filter": {
      "list": {
        "0": {
          "type": "time",
          "field": "@timestamp",
          "from": "now-2d",
          "to": "now",
          "mandate": "must",
          "active": true,
          "alias": "",
          "id": 0
        },
        "1": {
          "type": "field",
          "field": "host",
          "query": "\"app-server-node-1\" or \"app-server-node-3\"",
          "mandate": "mustNot",
          "active": true,
          "alias": "",
          "id": 1
        },
        "2": {
          "type": "field",
          "field": "_type",
          "query": "\"product-service-log\"",
          "mandate": "mustNot",
          "active": true,
          "alias": "",
          "id": 2
        },
        "3": {
          "type": "field",
          "field": "request",
          "query": "\"/status.txt\"",
          "mandate": "mustNot",
          "active": true,
          "alias": "",
          "id": 3
        }
      },
      "ids": [
        0,
        1,
        2,
        3
      ]
    }
  },
  "rows": [
    {
      "title": "Graph",
      "height": "250px",
      "editable": true,
      "collapse": false,
      "collapsable": true,
      "panels": [
        {
          "error": false,
          "span": 2,
          "editable": true,
          "group": [
            "default"
          ],
          "type": "terms",
          "queries": {
            "mode": "all",
            "ids": [
              0,
              1,
              2,
              3,
              4,
              5,
              6,
              7,
              8,
              9,
              10,
              11,
              12,
              13
            ]
          },
          "field": "_type",
          "exclude": [],
          "missing": true,
          "other": true,
          "size": 100,
          "order": "count",
          "style": {
            "font-size": "10pt"
          },
          "donut": false,
          "tilt": false,
          "labels": true,
          "arrangement": "horizontal",
          "chart": "pie",
          "counter_pos": "none",
          "title": "Document types",
          "spyable": true,
          "tmode": "terms",
          "tstat": "total",
          "valuefield": ""
        },
        {
          "span": 4,
          "editable": true,
          "type": "histogram",
          "loadingEditor": false,
          "mode": "count",
          "time_field": "@timestamp",
          "value_field": null,
          "x-axis": true,
          "y-axis": true,
          "scale": 1,
          "y_format": "none",
          "grid": {
            "max": null,
            "min": 0
          },
          "queries": {
            "mode": "selected",
            "ids": [
              1,
              2
            ]
          },
          "annotate": {
            "enable": false,
            "query": "*",
            "size": 20,
            "field": "_type",
            "sort": [
              "_score",
              "desc"
            ]
          },
          "auto_int": true,
          "resolution": 100,
          "interval": "30m",
          "intervals": [
            "auto",
            "1s",
            "1m",
            "5m",
            "10m",
            "30m",
            "1h",
            "3h",
            "12h",
            "1d",
            "1w",
            "1y"
          ],
          "lines": false,
          "fill": 0,
          "linewidth": 3,
          "points": false,
          "pointradius": 5,
          "bars": true,
          "stack": true,
          "spyable": true,
          "zoomlinks": true,
          "options": true,
          "legend": true,
          "show_query": true,
          "interactive": true,
          "legend_counts": true,
          "timezone": "browser",
          "percentage": false,
          "zerofill": true,
          "derivative": false,
          "tooltip": {
            "value_type": "cumulative",
            "query_as_alias": true
          },
          "title": "Micro - Mono"
        },
        {
          "span": 4,
          "editable": true,
          "type": "histogram",
          "loadingEditor": false,
          "mode": "count",
          "time_field": "@timestamp",
          "value_field": null,
          "x-axis": true,
          "y-axis": true,
          "scale": 1,
          "y_format": "none",
          "grid": {
            "max": null,
            "min": 0
          },
          "queries": {
            "mode": "selected",
            "ids": [
              3,
              4,
              5,
              6,
              7
            ]
          },
          "annotate": {
            "enable": false,
            "query": "*",
            "size": 20,
            "field": "_type",
            "sort": [
              "_score",
              "desc"
            ]
          },
          "auto_int": true,
          "resolution": 100,
          "interval": "30m",
          "intervals": [
            "auto",
            "1s",
            "1m",
            "5m",
            "10m",
            "30m",
            "1h",
            "3h",
            "12h",
            "1d",
            "1w",
            "1y"
          ],
          "lines": false,
          "fill": 0,
          "linewidth": 3,
          "points": false,
          "pointradius": 5,
          "bars": true,
          "stack": true,
          "spyable": true,
          "zoomlinks": true,
          "options": true,
          "legend": true,
          "show_query": true,
          "interactive": true,
          "legend_counts": true,
          "timezone": "browser",
          "percentage": false,
          "zerofill": true,
          "derivative": false,
          "tooltip": {
            "value_type": "cumulative",
            "query_as_alias": true
          },
          "title": "HTTP Status"
        },
        {
          "span": 1,
          "editable": true,
          "type": "hits",
          "loadingEditor": false,
          "style": {
            "font-size": "72pt"
          },
          "arrangement": "horizontal",
          "chart": "total",
          "counter_pos": "above",
          "donut": false,
          "tilt": false,
          "labels": true,
          "spyable": true,
          "queries": {
            "mode": "selected",
            "ids": [
              0
            ]
          },
          "title": "Orders"
        }
      ],
      "notice": false
    },
    {
      "title": "A B Testing",
      "height": "150px",
      "editable": true,
      "collapse": false,
      "collapsable": true,
      "panels": [
        {
          "span": 8,
          "editable": true,
          "type": "histogram",
          "loadingEditor": false,
          "mode": "count",
          "time_field": "@timestamp",
          "value_field": null,
          "x-axis": true,
          "y-axis": true,
          "scale": 1,
          "y_format": "none",
          "grid": {
            "max": null,
            "min": 0
          },
          "queries": {
            "mode": "selected",
            "ids": [
              8,
              9
            ]
          },
          "annotate": {
            "enable": false,
            "query": "*",
            "size": 20,
            "field": "_type",
            "sort": [
              "_score",
              "desc"
            ]
          },
          "auto_int": true,
          "resolution": 100,
          "interval": "30m",
          "intervals": [
            "auto",
            "1s",
            "1m",
            "5m",
            "10m",
            "30m",
            "1h",
            "3h",
            "12h",
            "1d",
            "1w",
            "1y"
          ],
          "lines": false,
          "fill": 0,
          "linewidth": 3,
          "points": false,
          "pointradius": 5,
          "bars": true,
          "stack": true,
          "spyable": true,
          "zoomlinks": true,
          "options": true,
          "legend": true,
          "show_query": true,
          "interactive": true,
          "legend_counts": true,
          "timezone": "browser",
          "percentage": false,
          "zerofill": true,
          "derivative": false,
          "tooltip": {
            "value_type": "cumulative",
            "query_as_alias": true
          },
          "title": "A B Testing"
        },
        {
          "span": 4,
          "editable": true,
          "type": "hits",
          "loadingEditor": false,
          "style": {
            "font-size": "10pt"
          },
          "arrangement": "horizontal",
          "chart": "bar",
          "counter_pos": "above",
          "donut": false,
          "tilt": false,
          "labels": true,
          "spyable": true,
          "queries": {
            "mode": "selected",
            "ids": [
              10,
              11,
              13
            ]
          },
          "title": "Server hits PRO"
        }
      ],
      "notice": false
    },
    {
      "title": "Events",
      "height": "650px",
      "editable": true,
      "collapse": false,
      "collapsable": true,
      "panels": [
        {
          "error": false,
          "span": 12,
          "editable": true,
          "group": [
            "default"
          ],
          "type": "table",
          "size": 100,
          "pages": 5,
          "offset": 0,
          "sort": [
            "@timestamp",
            "desc"
          ],
          "style": {
            "font-size": "9pt"
          },
          "overflow": "min-height",
          "fields": [
            "@timestamp",
            "host",
            "type",
            "loglevel",
            "verb",
            "response",
            "request",
            "class",
            "message",
            "stack_trace",
            "path"
          ],
          "highlight": [],
          "sortable": true,
          "header": true,
          "paging": true,
          "spyable": true,
          "queries": {
            "mode": "all",
            "ids": [
              0,
              1,
              2,
              3,
              4,
              5,
              6,
              7,
              8,
              9,
              10,
              11,
              12,
              13
            ]
          },
          "field_list": true,
          "status": "Stable",
          "trimFactor": 300,
          "normTimes": true,
          "title": "Documents",
          "all_fields": false,
          "localTime": false,
          "timeField": "@timestamp"
        }
      ],
      "notice": false
    }
  ],
  "editable": true,
  "index": {
    "interval": "none",
    "pattern": "[logstash-]YYYY.MM.DD",
    "default": "_all",
    "warm_fields": false
  },
  "style": "dark",
  "failover": false,
  "panel_hints": true,
  "loader": {
    "save_gist": false,
    "save_elasticsearch": true,
    "save_local": true,
    "save_default": true,
    "save_temp": true,
    "save_temp_ttl_enable": true,
    "save_temp_ttl": "30d",
    "load_gist": true,
    "load_elasticsearch": true,
    "load_elasticsearch_size": 20,
    "load_local": true,
    "hide": false
  },
  "pulldowns": [
    {
      "type": "query",
      "collapse": true,
      "notice": false,
      "query": "*",
      "pinned": true,
      "history": [
        "*",
        "field:path=\"*_access.log.2\"",
        "field:path=\"*_access.log.1\"",
        "field:server_response=\"500\"",
        "field:server_response=\"304\"",
        "field:server_response=\"404\"",
        "field:server_response=\"302\"",
        "field:server_response=\"200\"",
        "host: \"app-server-node-4\" OR host: \"app-server-node-5\"",
        "host: \"app-server-node-2\""
      ],
      "remember": 10,
      "enable": true
    },
    {
      "type": "filtering",
      "collapse": true,
      "notice": true,
      "enable": true
    }
  ],
  "nav": [
    {
      "type": "timepicker",
      "collapse": false,
      "notice": false,
      "status": "Stable",
      "time_options": [
        "5m",
        "15m",
        "1h",
        "6h",
        "12h",
        "24h",
        "2d",
        "7d",
        "30d"
      ],
      "refresh_intervals": [
        "5s",
        "10s",
        "30s",
        "1m",
        "5m",
        "15m",
        "30m",
        "1h",
        "2h",
        "1d"
      ],
      "timefield": "@timestamp",
      "enable": true,
      "now": true,
      "filter_id": 0
    }
  ],
  "refresh": "10s"
}
